6,2017-05-16
6,2017-05-17
3,2017-05-24
8,2017-04-19
14,2017-05-15
30,2017-02-28
9,2017-02-26
17,2017-02-27
10,2017-02-23
4,2017-02-20
15,2017-04-24
9,2017-03-09
6,2017-01-17
33,2017-02-14
15,2017-01-12
8,2017-01-11
5,2016-11-16
69,2017-04-25
27,2017-03-01
1,2017-03-21
13,2017-03-20
12,2017-03-23
36,2017-03-22
20,2017-04-03
39,2017-03-27
3,2017-03-26
50,2017-03-29
13,2017-05-29
12,2017-05-18
19,2017-02-06
16,2016-12-05
29,2016-12-06
22,2017-01-30
11,2017-01-31
46,2016-12-08
32,2016-11-15
1,2017-02-13
16,2016-12-13
20,2017-03-07
21,2017-03-06
6,2016-11-23
37,2016-11-21
33,2016-11-29
28,2016-11-28
12,2017-03-14
26,2017-03-15
0,2017-03-16
6,2017-04-10
0,2017-04-12
11,2017-04-06
65,2017-04-04
22,2017-04-05
6,2017-05-01
